<?xml version="1.0" encoding="UTF-8"?>
<!DOCTYPE properties SYSTEM "http://java.sun.com/dtd/properties.dtd">
<properties>
	
	
	<!-- 회원 정보 수정용 쿼리문 -->
	<entry key="updateMember">
		UPDATE MEMBER
		   SET USER_NAME = ?
		   	 , GENDER = ?
		   	 , USER_BIRTH = ?
		     , EMAIL = ?
		     , PHONE = ?
		     , ADDRESS = ?
		 WHERE USER_ID = ?
		   AND STATUS = 'Y'
	</entry>
	
	
		<!-- 로그인용 쿼리문 -->
    <entry key="loginMember">
    SELECT *
    FROM MEMBER
	WHERE USER_ID =? 
    AND USER_PWD=?
    AND STATUS = 'Y'
    
    </entry>
    
    <!-- 회원가입용 쿼리문 -->
    
	<entry key="insertMember">
		INSERT INTO MEMBER (USER_NO
		                  , USER_ID
		                  , USER_PWD
		                  , USER_NAME
		                  , GENDER
		                  , USER_BIRTH
		                  , EMAIL
		                  , PHONE
		                  , ADDRESS
		                  , ENROLL_DATE
		                  , STATUS)
		VALUES (SEQ_MNO.NEXTVAL
		      , ?
		      , ?
		      , ?
		      , ?
		      , ?
		      , ?
		      , ?
		      , ?
		      , SYSDATE
		      , 'Y')
	</entry>
	
	
	<!-- 아이디 중복 검사 쿼리문 -->
	 <entry key= "idCheck">
    SELECT COUNT(*)
	FROM MEMBER
	WHERE USER_ID = ?
	</entry>
	
	
	
	<!-- 아이디 찾기 쿼리문 -->
	<entry key="idFind">
	SELECT USER_ID
	FROM MEMBER
	WHERE USER_NAME= ? 
	AND EMAIL =?
	</entry>

	<!-- 비밀번호 찾기 쿼리문 -->
	<entry key="pwFind">
	SELECT USER_PWD
	FROM MEMBER 
	WHERE USER_NAME= ?
	AND EMAIL = ?
	AND USER_ID = ?
	</entry>
	
		<!-- 회원 한 명 정보 조회용 쿼리문 -->
	<entry key="selectMember">
		SELECT *
		  FROM MEMBER
		 WHERE USER_ID = ?
		   AND STATUS = 'Y'
	</entry>
	
	
	<!-- 회원탈퇴용 쿼리문 -->
	<entry key="deleteMember">
		UPDATE MEMBER
		   SET STATUS = 'N'
		 WHERE USER_ID = ?
		   AND USER_PWD = ?
		   AND STATUS = 'Y'
	</entry>
	
</properties>

