<?xml version="1.0" encoding="UTF-8"?>
<!DOCTYPE properties SYSTEM "http://java.sun.com/dtd/properties.dtd">
<properties>

	<!-- 찜상품 추가 쿼리문 -->
	<entry key="insertWishlist">
		INSERT INTO HEART_PRODUCT
		VALUES(?, ?)
	</entry>
	
	<!-- 찜상품 해제 쿼리문 -->
	<entry key="removeWishlist">
		DELETE FROM HEART_PRODUCT
		WHERE USER_ID = ?
		AND PRODUCT_ID = ?
	</entry>
	
	
	<!-- 찜 상품 목록 조회용 쿼리문 -->
	<entry key="selectWishlist">
		SELECT PRODUCT_NO
			 , PRODUCT_NAME
             , PRICE
             , IMAGE_URL || IMG_SAVE_FILE AS "TITLEIMG"
		FROM PRODUCT_INFO P
		JOIN PRODUCT_IMAGE I ON (P.PRODUCT_NO = I.REF_PNO)
		JOIN HEART_PRODUCT H ON ( P.PRODUCT_NO = H.PRODUCT_ID)
		WHERE I.THUMBNAIL = 'Y'
		AND H.USER_ID = ?
	</entry>
	
	
	<!-- 찜 상품 여부 조회용 쿼리문 -->
	<entry key="isProductWishlisted">
		SELECT COUNT(*) FROM HEART_PRODUCT 
		WHERE USER_ID = ?
		AND PRODUCT_ID = ?
	</entry>

</properties>