<?xml version="1.0" encoding="UTF-8"?>
<!DOCTYPE properties SYSTEM "http://java.sun.com/dtd/properties.dtd">
<properties>

	<!-- 리뷰 등록용 쿼리문 -->
	<entry key="insertReview">
		INSERT INTO REVIEW (REVIEW_NO
		                  , PRODUCT_NO
		                  , REVIEW_COMMENT
		                  , REVIEW_STAR
		                  , REVIEW_WRITER)
		             VALUES (SEQ_RNO.NEXTVAL
		                   , 2
		                   , ?
		                   , ?
		                   , ?)
	</entry>
	
	<!-- 리뷰 첨부파일 등록용 쿼리문 -->
	<entry key="insertReviewImage">
		INSERT INTO REVIEW_IMAGE (REVIEW_IMG_NO
		                        , REVIEW_REF_RNO
		                        , REVIEW_ORIGIN_NAME
		                        , REVIEW_CHANGE_NAME
		                        , REVIEW_IMG_PATH)
		                  VALUES (SEQ_IMG_RNO.NEXTVAL
		                        , SEQ_RNO.CURRVAL
		                        , ?
		                        , ?
		                        , ?)
	</entry>
	
	<!-- 리뷰 목록 조회용 쿼리문 -->
	<!--
	<entry key="selectReviewList">
		SELECT REVIEW_NO
		     , REVIEW_COMMENT
		     , REVIEW_STAR
		     , REVIEW_DATE
		     , REVIEW_WRITER
		     , REVIEW_IMG_PATH || REVIEW_CHANGE_NAME AS "THUNBNAIL"
		  FROM REVIEW
		  JOIN REVIEW_IMAGE ON (REVIEW_NO = REVIEW_REF_RNO)
		 WHERE PRODUCT_NO = 1
		   AND REVIEW_DELETE_YN = 'Y'
		 ORDER BY REVIEW_DATE DESC
	</entry> 
	 -->
	
	<entry key="selectReviewList">
		SELECT REVIEW_NO
		     , PRODUCT_NO
		     , REVIEW_COMMENT
		     , REVIEW_STAR
		     , REVIEW_DATE
		     , USER_ID
		     , REVIEW_IMG_PATH || REVIEW_CHANGE_NAME "THUMBNAIL"
		  FROM REVIEW
		  JOIN MEMBER ON (REVIEW_WRITER = USER_NO)
		  JOIN REVIEW_IMAGE ON (REVIEW_NO = REVIEW_REF_RNO)
		 WHERE PRODUCT_NO = ?
		   AND REVIEW_DELETE_YN = 'Y'
		 ORDER BY REVIEW_DATE DESC
	</entry>
	
	<!-- 리뷰 삭제용 쿼리문 -->
	<entry key="deleteReview">
		UPDATE REVIEW
		   SET REVIEW_DELETE_YN = 'N'
		 WHERE REVIEW_NO = ?
		   AND REVIEW_DELETE_YN = 'Y'
	</entry>
</properties>