<?xml version="1.0" encoding="UTF-8"?>

<!DOCTYPE properties SYSTEM "http://java.sun.com/dtd/properties.dtd">
<properties>


	<!-- 로그인용 쿼리문 -->
    <entry key="loginMember">
    SELECT *
    FROM MEMBER
	WHERE USER_ID =? 
    AND USER_PWD=?
    AND STATUS = 'Y'
    
    </entry>
    
    <!-- 회원가입용 쿼리문 -->
    
	<entry key="insertMember">
		INSERT INTO MEMBER (USER_NO
		                  , USER_ID
		                  , USER_PWD
		                  , USER_NAME
		                  , GENDER
		                  , USER_BIRTH
		                  , EMAIL
		                  , PHONE
		                  , ADDRESS
		                  , ENROLL_DATE
		                  , STATUS)
		VALUES (SEQ_MNO.NEXTVAL
		      , ?
		      , ?
		      , ?
		      , ?
		      , ?
		      , ?
		      , ?
		      , ?
		      , SYSDATE
		      , 'Y')
	</entry>
	
	
	 <entry key= "idCheck">
    SELECT COUNT(*)
	FROM MEMBER
	WHERE USER_ID = ?
	</entry>
	
	
	
	
	<entry key="idFind">
	SELECT USER_ID
	FROM MEMBER
	WHERE USER_NAME= ? 
	AND EMAIL =?
	</entry>
	
	<entry key="pwFind">
	SELECT USER_PWD
	FROM MEMBER 
	WHERE USER_NAME= ?
	AND EMAIL = ?
	AND USER_ID = ?
	</entry>
    
</properties>